source,date,url,title_en,text_en
provincie-utrecht,2025-11-13T08:30:00Z,https://www.provincie-utrecht.nl/actueel/nieuws/onderzoek-naar-pfas-regenwater-gestart,Research into PFAS in rainwater started,"The province of Utrecht, together with the KWR research institute, is starting a study into PFAS in rainwater. This research was started because various PFAS substances can be measured in the groundwater for which no clear source can be identified. The analysis of rainwater must clarify whether precipitation is one of the sources of these substances.
PFAS is a group of thousands of chemicals that do not or hardly break down in the environment. It is not without reason that the nickname of the substance group is Forever Chemicals. Diffuse contamination is measured almost everywhere where measurements for PFAS take place. These are often not alarming amounts, but it shows that PFAS are widespread. It turns out that the chemicals can also end up from rain into the soil and groundwater.
That is why fourteen rain gauges have been installed for additional research in collaboration with the KWR research institute. These meters are spread across the province and collect rainwater, after which sampling takes place. Research is being conducted into how PFAS end up in the Utrecht soil, which substances they are and to what extent rain contributes to the concentrations found. One of the rain gauges is located at the provincial government building on Archimedeslaan in Utrecht.
Two samples are taken per location and the time for sampling is determined based on the precipitation forecast. The entire investigation takes six months. The first results are expected to be known in early 2026.
PFAS are used in many everyday products such as non-stick pans, rainwear and baking paper. It is becoming increasingly clear that the substances can cause damage to human health and the environment. The province of Utrecht supports the lobby of the Interprovincial Consultation (IPO) to reduce the use of PFAS. The province also supports the lobby of Vewin and the Union of Water Boards for a total ban on PFAS.
For press information:jiri.glaap@provincie-utrecht.nl06 39 63 21 97"
provincie-utrecht,2025-11-25T13:39:21+0100,https://www.provincie-utrecht.nl/onderwerpen/bodem-en-water/bodemverontreiniging/bodemsanering-park-vliegbasis-soesterberg,Soil remediation at Soesterberg Air Base,"The soil at the former Soesterberg Air Base is being remediated. There are PFAS in the soil and groundwater. The contamination was discovered during soil research in 2018. This took place in preparation for the realization of the intended residential area, south of Soesterberg Air Base Park. The location with the contamination is near the former fire station and the fire training site at the former air base. PFAS contaminants have also been found in the soil at the former tank site. This site is also included in the remediation (see map below with the remediation locations).
Ground and groundwater remediation is necessary to protect nature and groundwater. And to make the location at the former fire station suitable for housing. With this remediation we ensure that there are no longer any risks to nature and groundwater at Soesterberg Air Base Park and that people can live and recreate there safely.
The soil investigations have shown that the PFAS contamination in the soil and in the groundwater at the former fire station and training site are within the boundaries of the former air base and have not spread beyond.
At the former fuel station, the PFAS contamination in the soil is limited to the immediate vicinity of that location within the boundaries of the former air base. The PFAS contamination in the groundwater has spread beyond the property boundaries of the former air base. Based on the most recent research results (2025) to approximately 300 meters from the border of the air base in a northwesterly direction to the southern part of the Numanbos. In addition, the soil in the immediate vicinity of the tank site is contaminated with kerosene. This contamination is also located within the boundaries of the former air base. Additional soil research will be conducted at the end of 2025, beginning of 2026 to further map the contaminants here.
According to current insights, the remediation of the two remediation sites will consist of removing the most contaminated soil. This is replaced by clean soil. The contaminated groundwater is also pumped up and - after purification - infiltrated into the soil again. The aim of this is to both remove PFAS from the groundwater and prevent further spread.
The remediation must be done carefully. Several studies were carried out in 2025 to better visualize the contamination and to collect information necessary to draw up the remediation plan. This describes in detail how the remediation work will ultimately be carried out. This remediation plan will be completed in the first half of 2026 and must be approved by the Utrecht Regional Implementation Service (RUD), as the competent authority on behalf of the province of Utrecht. This is followed by a tender procedure, after which a selected contractor carries out the remediation. Based on current insights, the remediation work is expected to start in early 2027.
In 2009 we bought the former Soesterberg Air Base from the government to mainly develop the site as a nature reserve. The new residential area on the edge of the area is also part of the plans. At a new residential construction site, a soil investigation must always be carried out first. This soil survey was carried out in 2018. This investigation has shown that the soil - soil and groundwater - at the planned housing location is contaminated with PFAS-containing substances. This substance was in the extinguishing agent that was used between 1983 and 2006 during fire extinguishing exercises at the fire station and training location located there. During this period it was not known that PFAS could contaminate the soil with risks for people and the environment. Because the fire extinguishing exercises were also carried out at the former tank site, this location was also included in the study. Both the fire station and the fuel station have now been demolished.
Download the timeline with the milestones of the soil remediation at Soesterberg Air Base Park (pdf, 57.78 kB).
On January 17, 2024, we informed the municipal councils of Soest and Zeist and the Provincial Council of Utrecht via a webinar about the PFAS soil remediation at the former air base in Soesterberg. Experts explained the need for this remediation, the approach and the planning. This webinar was recorded and the recording was made into a video. You will find the link to this video at the bottom of the page bi"
rtvutrecht,2025-11-24T04:00:08Z,https://www.rtvutrecht.nl/nieuws/3970001/arnaut-onderzoekt-waarom-pfas-steeds-vaker-in-de-bodem-zit,Arnaut investigates why PFAS are increasingly found in the soil,"November 24, 5:00 AM•ModifiedNovember 24, 2:41 PM•5 minutes reading time
Do you have a tip or comment? Send us your news or photo via WhatsApp or email."
rtvutrecht,2025-11-21T20:22:42Z,https://www.rtvutrecht.nl/nieuws/3970376/veel-meer-geld-nodig-voor-opruimen-pfas-bij-vliegbasis-soesterberg,Much more money is needed to clean up PFAS at Soesterberg air base,"November 21, 9:22 PM•Adapted November 22, 4:53 PM•1 minute reading time
PFAS is a collective name for thousands of chemicals that do not or hardly break down in the environment. They are also called forever chemicals.
It is common because it is found in many everyday products, such as non-stick pans, rainwear and baking paper.
With long-term exposure, PFAS can be harmful to people, animals and the environment.
Do you have a tip or comment? Send us your news or photo via WhatsApp or email."
provincie-utrecht,2025-11-12T14:10:53Z,https://www.provincie-utrecht.nl/actueel/nieuws/onderzoek-pesticiden-bron-van-ruim-duizend-kilo-pfas-vervuiling-jaar,Research: Pesticides source of more than a thousand kilos of PFAS pollution per year,"The province of Utrecht, together with six other provinces and Vewin (Association of Water Companies in the Netherlands), has conducted research into the use and distribution of pesticides containing PFAS. The research was conducted by research and consultancy agency CLM and shows that approximately 1,000 kilos of PFAS pesticides are used in Utrecht every year. Thanks to the research, there is a better picture of the use, distribution and risks of these substances for groundwater and soil.
The research was conducted because provinces and drinking water companies are increasingly concerned about PFAS contamination and its influence on groundwater. Groundwater is a source of drinking water and contamination of it threatens its suitability for consumption. Approximately 1,000 kilos of PFAS pesticides are used in Utrecht every year. Remains of this end up in the environment. It is still too early to say whether 1000 kilos is a lot or little. Utrecht scores considerably lower than other provinces surveyed.
The province of Utrecht stands for a safe living environment, clean water and healthy soil. Finding the remains of PFAS pesticides in our soil emphasizes the importance of structurally reducing these substances. Crop protection products containing PFAS have been authorized since the 1990s, and there are a total of 115 products on the market that contain PFAS as an active substance or as an additive. These substances can produce degradation products that are also a PFAS substance, for example TFA. The researchers have seen an increase in the use of PFAS pesticides, especially in the past three years. They write about an increase of up to 67 percent.
The RIVM already reported in 2021 that people ingest too much PFAS through food and drinking water. Deputy Water and Soil Has Bakker: ""We have not cooperated in this research for nothing. What we see now confirms the concerns we have had for a long time. We now have to do something about this. Of course as a province itself, but we are also looking at Europe and the national government to tighten up the rules."" The study attributes the use of the resources in Utrecht to the cultivation of hard fruit such as pears, apples (to a lesser extent) and silage maize.
The research report contains a number of recommendations addressed to the central government and the Board for the Authorization of Plant Protection Products and Biocides (Ctgb): the rules for PFAS-containing pesticides must be stricter, including better registration of substances at plot level and a stop on the use of PFAS additives. In addition, growers must receive more information about what is contained in products. This is often unknown to growers.
Provinces also receive recommendations, including: more targeted soil (water) measurements for PFAS pesticides in agricultural areas with intensive cultivation and the anchoring of groundwater protection in environmental policy. Deputy Bakker: ""The use of PFAS pesticides has increased significantly in recent years. We also see that information about the impact of the use of these products is still incomplete. I am concerned about the condition of our soil and groundwater. It is now important to address the recommendations and, together with the sector, reduce the use of PFAS pesticides.""
In addition, the province of Utrecht is involved in an IPO context in lobbying for an active approach to PFAS to prevent further spread. The province also supports the lobby of Vewin and the Union of Water Boards for a total ban on PFAS. Has Bakker: “Millions of euros are being spent on PFAS remediation. As long as we don't do anything about the source, it is a matter of sweeping the floor with the tap open.”
The research agency's findings will be further studied in the coming weeks. At the end of November, the Provincial Council will be informed about how the province of Utrecht can implement the researchers' recommendations.
For press information:jiri.glaap@provincie-utrecht.nl06 39 63 21 97"
provincie-utrecht,2024-12-17T16:55:39Z,https://www.provincie-utrecht.nl/actueel/nieuws/rapportage-grondwaterkwaliteit-toename-van-pfas-grondwater-verwacht,Groundwater quality report: increase in PFAS in groundwater expected,"PFAS substances in deep groundwater are expected to increase further in the coming years. This is evident from the report on the groundwater quality measurement round 2024. The results provide insight into substances present in the groundwater and show whether policy contributes to cleaner groundwater. The measurement round also shows whether there are long-term risks for drinking water sources.
The province of Utrecht has an extensive monitoring network with fixed monitoring wells throughout the province. Sampling takes place at a depth of 10 to 25 meters below ground level to gain insight into water quality and to discover trends. Determining trends provides insight into achieving the goals of the Water Framework Directive (WFD), the European directive that prescribes the quality water must meet.
Groundwater measurements provide an impression of the spread of substances to the deeper groundwater and thus predict possible threats to the drinking water supply. The 2024 measurement round shows that pesticides are still widely present in the groundwater. It is striking that some of these substances have already been banned at a lower level, but are still detected in groundwater. This shows that these substances are slowly disappearing from the environment. There is limited evidence of medical substances and residues from industry. There are no worrying developments, the picture is comparable to previous rounds of measurements.
PFAS substances have been found to be widespread, which is consistent with previous rounds of measurements. An explanation for this may be that measurements are now being taken in more places and more accurately. With regard to PFAS, the measurements show that the concentrations of PFAS decrease the deeper the measurement takes place. PFAS substances have been used for more than 30 years and are sinking deeper and deeper into the ground. PFAS mainly end up on and in the soil through precipitation (rain and carried by wind).
“If the pattern shown by the measurements continues, an increase in PFAS in the deep groundwater can be expected,” said Deputy Water and Soil Has Bakker: “It is high time that more and more effective measures are taken. As a province, we are committed to this in Europe. But also closer to home, which is why we support the Union of Water Boards with their urgent letter about PFAS to the central government.”
With this measuring network, the province of Utrecht has a good overview of new substances and can measure very low concentrations. The province thus fulfills a pioneering role when it comes to gaining insight into shallow and deeper groundwater quality. Deputy Bakker: “We use this data ourselves and share it with others to achieve better legislation and regulations so that all these types of substances of concern are detected in a timely manner and do not end up in the environment.”
For press information:jiri.glaap@provincie-utrecht.nl06 39 63 21 97"
provincie-utrecht,2025-11-21T13:00:00Z,https://www.provincie-utrecht.nl/actueel/nieuws/grondwaterstanden-beinvloeden-saneringsaanpak-park-vliegbasis-soesterberg,Groundwater levels influence the remediation approach to Park Soesterberg Air Base,"The Province of Utrecht is preparing the remediation of the contaminated soil at Soesterberg Air Base Park. Recently completed soil investigations show that due to the high groundwater levels, more PFAS enters the groundwater from the contaminated subsurface. The province of Utrecht is currently looking at various options to carry out the remediation as effectively as possible. This situation has no influence on the housing construction plans.
In 2024, additional soil research was carried out at the former air base in Soesterberg. Higher concentrations of PFAS were found than expected. This is due to the exceptionally wet weather conditions in 2023 and 2024, which caused the groundwater level to fluctuate significantly. This had a negative effect on the contamination and requires a reassessment of the remediation approach. Climate change increases the risk of extreme weather, which means that both high and low water levels will play a role more often.
The same situation also applies to a second location where PFAS was found in the ground: the old tank site. This site is also included in the remediation. There was PFOS in the firefighting foam that was used for training in the past. This is a substance that, together with many other chemicals, belongs to the PFAS group.
Now that the studies have been completed, various soil specialists have described several options for carefully carrying out the remediation. In the coming period, the council of the Provincial Executive will make a choice about which variant best suits the remediation task. A final implementation plan for the remediation will then be drawn up. A decision on the final plan and financial coverage will be made in the spring of 2026. All variants ensure a safe living situation in the area.
The ground and groundwater contamination at the former air base is one of the larger remediation tasks in our country. The remediation of soil contaminated with PFAS is relatively new in the Netherlands. That is why we are investigating how exactly the substance behaves and which measures are most effective. This requires a careful and learning approach.
The ground and groundwater remediation is necessary to protect nature and groundwater and to make the location near the former fire station suitable for housing. As a province, we also want to prevent groundwater contamination from causing problems for the drinking water supply in the future.
For press information:jiri.glaap@provincie-utrecht.nl06 39 63 21 97"
provincie-utrecht,2025-06-03T10:11:57Z,https://www.provincie-utrecht.nl/actueel/nieuws/kadernota-2026-doorpakken-op-uitvoering-coalitieakkoord-en-vergroten-realisatiekracht,Framework memorandum 2026: continue to implement the coalition agreement and increase implementation power,"The province of Utrecht wants to give impetus to the implementation of the coalition agreement and invest in the agility of the organization to better respond to major transitions. This is stated in the Framework Memorandum 2026-2029 that was presented to the Provincial Council today. Deputy Finance Minister Has Bakker: “We are going to deliver on what we have agreed and want to take meaningful steps to meet the challenges that face us.” The province also calls on the government to provide sufficient resources for themes such as housing, rural areas, accessibility and solving grid congestion.
Halfway through its term, the Provincial Executive makes proposals to give an extra boost to the ambitions and agreements in the coalition agreement 'Getting started for Utrecht'. Extra efforts are being made to create a province where nature is stronger, cleaner and healthier, with a living environment that is ready for the future. The framework memorandum involves an additional investment of more than 32 million euros in 2026. This course will be continued in the coming years: up to and including 2029, expenditure will increase by 130 million euros.
This framework memorandum contains proposals to further improve nature management and invest in the implementation of the Utrecht Rural Area Program. More than three million euros will be released for the Natura 2000 areas and Agricultural Nature and Landscape Management. Culture also receives attention. In 2026, regional and castle museums will receive 600,000 euros to renovate.
Another major investment is for residential construction. Finding a suitable home is a major problem for many people. That is why the province is working to accelerate housing construction and supports municipalities in creating more affordable homes. The current Housing Construction Acceleration program runs until 2028, but the housing construction challenge will not stop then. The council is therefore releasing a total of 27 million extra euros to guarantee the commitment to the acceleration of housing construction until 2030.
Accessibility in Utrecht receives continued attention from the province. Also in this framework memorandum, because where new houses are built, facilities are also needed. Utrecht is home to the largest housing location in the Netherlands, on which the province is working together with municipalities: Groot Merwede and Rijnenburg, good for approximately 75,000 homes. A tram line is needed for accessibility: the Merwedelijn. This requires more money than the 1.2 billion euros promised by the central government, municipalities and province.
The council is therefore taking a step forward and asking the Provincial Council to agree to a plan to increase the own contribution by 100 million euros. This amount is in addition to the 200 million that has already been reserved. Financial coverage for this proposed increase is being sought within the existing public transport budget.
It has been clear for some time that more effort is and remains necessary in enforcement, supervision and licensing. The framework memorandum therefore makes room to strengthen the implementation of these tasks. The presence of substances of very high concern (ZZS) such as PFAS in soil and water is a growing social challenge. The nitrogen problem also puts great pressure on the province, farmers, entrepreneurs, nature organizations and other governments. The solutions are often complex and time-consuming.
That is why the province of Utrecht wants to acquire more expertise to tackle these types of problems and act quickly. Deputy Bakker: “People are needed who can work on the nitrogen task and the transition of the rural area, but we also need lawyers and hydrologists, for example, to implement the measures for the Water Framework Directive and to ensure clean and sufficient drinking water.”
In the meantime, the world does not stand still. Geopolitical tensions create uncertainty and technological innovations occur in rapid succession. At the same time, the province is increasingly being called upon to contribute to social challenges. This requires agility and resilience from the organization. That is why investments are being made in the provincial organization in the field of strategic knowledge and ICT.
Sufficient financing is needed to properly implement the growing range of tasks, ambitions and responsibilities of the province. The province of Utrecht is therefore concerned about the new distribution of the provincial fund that the Ministry of the Interior and Kingdom Relations"
rtvutrecht,2025-07-08T13:52:47Z,https://www.rtvutrecht.nl/nieuws/3918065/meten-is-weten-in-nieuw-laboratorium-in-houten-testen-ze-waterkwaliteit,Measuring is knowing: they test water quality in a new laboratory in Houten,"July 8, 3:52 PM • Modified August 13, 2:01 AM • 2 minutes reading time
Do you have a tip or comment? Send us your news or photo via WhatsApp or email."
rtvutrecht,2025-11-13T13:27:24Z,https://www.rtvutrecht.nl/nieuws/3967273/provincie-utrecht-onderzoekt-regenwater-op-aanwezigheid-pfas,The province of Utrecht examines rainwater for the presence of PFAS,"PFAS is a collective name for thousands of chemicals that do not or hardly break down in the environment. They are also called forever chemicals.
It is common because it is found in many everyday products, such as non-stick pans, rainwear and baking paper.
With long-term exposure, PFAS can be harmful to people, animals and the environment.
Do you have a tip or comment? Send us your news or photo via WhatsApp or email."
rtvutrecht,2025-07-03T18:34:52Z,https://www.rtvutrecht.nl/nieuws/3915790/te-veel-gif-in-ons-bloed-pfas-laat-ook-utrecht-niet-met-rust,Too much poison in our blood: PFAS does not leave Utrecht alone,"July 3, 8:34 PM • Modified August 8, 2:03 AM • 4 minutes reading time
The RIVM examined 1,500 blood samples from all over the Netherlands, which were taken in 2016 and 2017. In follow-up research, the institute will also analyze samples taken this year.
Nature organizations are again calling for a ban on the use of PFAS in products after the RIVM study published on Thursday. Nature and Environment Federation North Holland emphasizes the importance of a ban on discharging PFAS for companies. Eleven organizations, including unions of military and fire brigade volunteers and action group SchipholWatch, have started a lawsuit against the Dutch state.
Do you have a tip or comment? Send us your news or photo via WhatsApp or email."
rtvutrecht,2025-06-11T12:47:48Z,https://www.rtvutrecht.nl/nieuws/3906258/verhoogde-pfas-concentraties-in-afvalwater-amersfoort-bron-onduidelijk,"Increased PFAS concentrations in Amersfoort wastewater, source unclear","June 11, 2:47 PM • Modified July 17, 2:01 AM • 2 minutes reading time
Do you have a tip or comment? Send us your news or photo via WhatsApp or email."
rtvutrecht,2025-04-17T03:30:14Z,https://www.rtvutrecht.nl/nieuws/3881813/op-eieren-lopen-tijdens-pasen-alles-barst-van-de-pfas-dit-kan-er-ook-nog-wel-bij,"Walking on eggshells during Easter? 'Everything is full of PFAS, this could also be added'","April 17, 05:30•ModifiedMay 22, 02:05•3 minutes reading time
PFAS is a collective name for chemicals that are man-made. PFAS are heat-resistant and dirt- and water-repellent. Very handy. No more greasy pizza box? Caused by PFAS. Baking without sticking? This is possible with the non-stick coating, made from PFAS. But the substances are also found in (rain) clothing, cosmetics and impregnating agents and are used in many industrial processes.
PFAS can make you sick. Once in your blood, they almost never leave. It can lead to cancer, miscarriages and birth defects. But also to hormonal problems, tear duct problems, heart disease, a weakened immune system and kidney and liver problems.
Do you have a tip or comment? Send us your news or photo via WhatsApp or email."
rtvutrecht,2025-04-15T10:46:10Z,https://www.rtvutrecht.nl/nieuws/3881244/rivm-eet-geen-eieren-van-hobbykippen,RIVM: Do not eat eggs from hobby chickens,"April 15, 12:46 • Modified May 21, 02:03 • 2 minutes reading time
Do you have a tip or comment? Send us your news or photo via WhatsApp or email."
rtvutrecht,2025-02-04T05:00:14Z,https://www.rtvutrecht.nl/nieuws/3849040/drinkwatertekort-dreigt-in-utrecht-vitens-zoekt-naar-nieuwe-bronnen,"Drinking water shortage threatens in Utrecht, Vitens is looking for new sources","February 4, 6:00 AM•Modified March 11, 2:02 AM•4 minutes reading time
Why is there a drinking water shortage in Utrecht?
According to Vitens, things are starting to become dire, specifically in the regions of Utrecht, Amersfoort and Twente. Vitens environmental manager Janne Fuchs explains why this is the case. ""On the one hand, more and more people are moving here. And the more people there are, the more water they use. Even if additional companies are added to the region, they demand extra water. On the other hand, climate change plays a role. The warmer it gets, especially in the summer, the more often people water their gardens and fill swimming pools.""
If Vitens does nothing, they predict a drinking water shortage in this region from 2030. That is why the company is investigating in several places whether a new source can be tapped. The island of Schalkwijk is one of the locations. Investigations have been going on for months.
Do you have a tip or comment? Send us your news or photo via WhatsApp or email."
rtvutrecht,2024-11-30T08:00:38Z,https://www.rtvutrecht.nl/nieuws/3818772/baanbrekend-uu-onderzoek-naar-waterzuivering-door-champignonschimmels,Pioneering UU research into water purification by mushroom fungi,"November 30, 2024, 9:00 AM•ModifiedDecember 31, 2024, 2:04 AM•3 minutes reading time
Do you have a tip or comment? Send us your news or photo via WhatsApp or email."
rtvutrecht,2024-10-14T04:00:00Z,https://www.rtvutrecht.nl/nieuws/3797696/omgevingsdiensten-voldoen-niet-aan-alle-kwaliteitseisen-personeel-niet-altijd-voldoende-opgeleid,Environmental services do not meet all quality requirements and staff are not always sufficiently trained,"October 14, 2024, 6:00 AM•ModifiedNovember 13, 2024, 2:03 AM•3 minutes reading time
Environmental services specialize in environmental permits, supervision and enforcement of companies. Checking compliance with environmental regulations at companies that work with hazardous substances is part of this. They also monitor discharges of, for example, pfas, the removal of asbestos and environmental regulations in the construction and agricultural sectors.
The Netherlands has 28 environmental services. In our province these are the Utrecht Region Environmental Service and the Utrecht Regional Implementation Service (RUD).
The municipalities of Amersfoort, Baarn, Bunschoten, Eemnes, Houten, Leusden, Lopik, Nieuwegein, Soest, Utrecht and Woudenberg belong to the RUD Utrecht.
The municipalities of Bunnik, De Bilt, De Ronde Venen, IJsselstein, Montfoort, Oudewater, Renswoude, Rhenen, Stichtse Vecht, Utrechtse Heuvelrug, Veenendaal, Vijfheerenlanden, Wijk bij Duurstede, Woerden and Zeist fall under the Utrecht Region Environmental Service.
Do you have a tip or comment? Send us your news or photo via WhatsApp or email."
rtvutrecht,2024-07-05T12:17:05Z,https://www.rtvutrecht.nl/nieuws/3760379/zwemmen-dan-hoef-je-je-in-provincie-over-pfas-geen-zorgen-te-maken,Swimming? Then you don't have to worry about PFAS in the province,"July 5, 2024, 2:17 PM • Modified August 10, 2024, 2:04 AM • 2 minutes reading time
Do you have a tip or comment? Send us your news or photo via WhatsApp or email."
rtvutrecht,2024-05-03T05:49:34Z,https://www.rtvutrecht.nl/nieuws/3731640/124-plekken-in-de-provincie-mogelijk-met-pfas-vervuild,124 places in the province possibly contaminated with PFAS,"May 3, 2024, 7:49 AM•Adapted June 8, 2024, 2:03 AM•1 minute reading time
PFAS is a collective term for thousands of chemicals. Some substances are carcinogenic and can cause damage to the immune system, among other things. Once they are in the ground, it is difficult to filter them out or clean the soil. PFAS is found in pans with non-stick coatings and rainwear, among other things.
Do you have a tip or comment? Send us your news or photo via WhatsApp or email."
rtvutrecht,2024-04-30T08:52:27Z,https://www.rtvutrecht.nl/nieuws/3730421/champignon-kan-water-zuiveren-ontdekken-utrechtse-onderzoekers,"Mushrooms can purify water, Utrecht researchers discover","April 30, 2024, 10:52 am • Modified June 5, 2024, 2:02 am • 2 minutes reading time
Do you have a tip or comment? Send us your news or photo via WhatsApp or email."
rtvutrecht,2024-04-25T08:11:03Z,https://www.rtvutrecht.nl/nieuws/3727817/aanklacht-tegen-nederlandse-staat-voor-vervuiling-en-gezondheidsschade-door-pfas,Complaints against the Dutch state for pollution and health damage caused by PFAS,"April 25, 2024, 10:11 AM•ModifiedMay 31, 2024, 2:03 AM•3 minutes reading time
PFAS is a collective term for thousands of chemicals. Some substances are carcinogenic and can cause damage to the immune system, among other things. Once they are in the ground, it is difficult to filter them out or clean the soil. PFAS is found in pans with non-stick coatings and rainwear, among other things.
Do you have a tip or comment? Send us your news or photo via WhatsApp or email."
rtvutrecht,2024-04-16T10:00:32Z,https://www.rtvutrecht.nl/nieuws/3721231/uiterwaarden-bij-elst-teruggeven-aan-de-natuur-uniek-gebied-met-zeldzame-flora-en-fauna,Returning floodplains near Elst to nature: 'Unique area with rare flora and fauna',"April 16, 2024, 12:00 • Modified May 21, 2024, 10:22 • 3 minutes reading time
Do you have a tip or comment? Send us your news or photo via WhatsApp or email."
rtvutrecht,2024-04-10T13:30:55Z,https://www.rtvutrecht.nl/nieuws/3720450/pfas-in-sloot-utrechtse-wijk-veemarkt,PFAS in ditch in Utrecht Veemarkt district,"April 10, 2024, 3:30 PM • Modified May 16, 2024, 2:02 AM • 2 minutes reading time
The abbreviation PFAS stands for per- and polyfluoroalkyl substances. It is a collective name for chemicals that are man-made. The fabrics are heat-resistant and dirt- and water-repellent. For example, they are found in non-stick raincoats, but also in fire-fighting foam. PFAS end up in the environment and ultimately in our bodies. Once in your blood, they almost never leave. It can lead to cancer, miscarriages and birth defects, among other things, as well as hormonal problems, tear duct problems and heart disease.
Do you have a tip or comment? Send us your news or photo via WhatsApp or email."
rtvutrecht,2024-03-08T05:00:00Z,https://www.rtvutrecht.nl/nieuws/3706251/bijensterfte-schokt-imker-uit-groenekan-dit-probleem-wordt-enorm-onderschat,Bee mortality shocks beekeeper from Groenekan: 'This problem is enormously underestimated',"March 8, 2024, 6:00 AM•ModifiedApril 12, 2024, 2:05 AM•4 minutes reading time
""A bee colony is a mirror of the season and the flowering environment,"" explains beekeeper Sonne. Bees pollinate almost 90 percent of all flowers, trees and plants. ""And so you can enjoy fresh fruit, healthy vegetables and a delicious coffee. Bees are responsible for every three out of four bites you put in your mouth.""
And not only that, says Sonne. ""These super-pollinators fly on every tree or plant that blooms. As a result, they provide an abundance of new plants, all of which store CO2, retain water and cool the earth. So to speak... solve the climate problem.""
Do you have a tip or comment? Send us your news or photo via WhatsApp or email."
rtvutrecht,2023-12-06T15:12:44Z,https://www.rtvutrecht.nl/nieuws/3668376/den-haag-betaalt-23-5-miljoen-voor-opruimen-pfas-bij-vliegbasis-soesterberg,The Hague will pay 23.5 million for cleaning up PFAS at Soesterberg Air Base,"December 6, 2023, 4:12 PM • Modified January 11, 2024, 2:04 AM • 2 minutes reading time
Do you have a tip or comment? Send us your news or photo via WhatsApp or email."
rtvutrecht,2023-10-27T03:30:45Z,https://www.rtvutrecht.nl/nieuws/3646703/pfas-paniek-in-de-provincie-utrecht-dit-is-zo-naar-en-ziekmakend-we-moeten-ermee-stoppen,"PFAS panic in the province of Utrecht? 'This is so bad and sickening, we have to stop it'","October 27, 2023, 5:30 AM•ModifiedNovember 23, 2023, 2:04 AM•7 minutes reading time
Do you have a tip or comment? Send us your news or photo via WhatsApp or email."
rtvutrecht,2023-10-06T19:10:34Z,https://www.rtvutrecht.nl/nieuws/3642705/drie-bedrijven-gebruiken-pfas-in-utrecht-gemeente-ziet-geen-risicos,"Three companies use PFAS in Utrecht, the municipality sees no risks","October 6, 2023, 9:10 PM • Modified November 11, 2023, 2:03 AM • 2 minutes reading time
Do you have a tip or comment? Send us your news or photo via WhatsApp or email."
rtvutrecht,2023-05-11T15:20:51Z,https://www.rtvutrecht.nl/nieuws/3578975/alarmerend-rapport-over-waterkwaliteit-problemen-zijn-vergelijkbaar-met-stikstofdossier,Alarming report on water quality: 'Problems are comparable to nitrogen dossier',"May 11, 2023, 5:20 PM • Modified June 16, 2023, 2:03 AM • 4 minutes reading time
- The so-called water test should be given more weight. The water boards play an important role in this. If this shows that plans have a negative effect on water quality, they must be adjusted.
- Tighten the control system through permits and make all extractions from ground and surface water subject to a permit or notification requirement.
- The water must be cleaner: the so-called nutrient concentration must be reduced. To achieve this, manure regulations must be adjusted. And the purification in sewage treatment plants must be improved.
- Legislation must also be introduced so that, among other things, fewer medicine residues and fewer crop protection products end up in the water.
- The RLI also advises that all measures must be calculated immediately.
Do you have a tip or comment? Send us your news or photo via WhatsApp or email."
rtvutrecht,2023-03-13T05:00:50Z,https://www.rtvutrecht.nl/nieuws/3551428/waterkwaliteit-nog-lang-niet-op-orde-boete-dreigt-we-moeten-echt-aan-de-bak,"Water quality still far from being in order, fine looms: 'We really have to get to work'","March 13, 2023, 6:00 AM•ModifiedApril 14, 2023, 2:04 AM•3 minutes reading time
Do you have a tip or comment? Send us your news or photo via WhatsApp or email."
rtvutrecht,2021-09-13T13:42:00Z,https://www.rtvutrecht.nl/nieuws/3158880/huizen-steeds-sneller-steeds-duurder-koopprijs-in-utrecht-stijgt-met-15-procent,Houses are becoming more expensive at an increasing rate: 'Purchase prices in Utrecht are rising by 15 percent',"September 13, 2021, 3:42 PM•4 minutes reading time
Do you have a tip or comment? Send us your news or photo via WhatsApp or email."
rtvutrecht,2021-07-13T09:01:00Z,https://www.rtvutrecht.nl/nieuws/3109709/utrechts-pfas-onderzoek-afgerond-twee-locaties-boven-risiconorm,"Utrecht PFAS study completed, two locations above risk standard","July 13, 2021, 11:01 AM•ModifiedApril 25, 2022, 4:41 PM•2 minutes reading time
Do you have a tip or comment? Send us your news or photo via WhatsApp or email."
rtvutrecht,2020-04-09T14:30:00Z,https://www.rtvutrecht.nl/nieuws/2035679/ondernemers-in-de-knel-starter-na-acht-weken-al-weer-dicht,Entrepreneurs in trouble: starter closed again after eight weeks,Do you have a tip or comment? Send us your news or photo via WhatsApp or email.
rtvutrecht,2020-03-11T09:47:00Z,https://www.rtvutrecht.nl/nieuws/2027290/student-vast-in-italie-nieuwe-besmettingen-in-utrecht-lees-het-in-ons-corona-liveblog,"Student stuck in Italy, new infections in Utrecht: read it in our corona live blog",Do you have a tip or comment? Send us your news or photo via WhatsApp or email.
rtvutrecht,2020-01-29T09:46:00Z,https://www.rtvutrecht.nl/nieuws/2018641/meer-nieuwbouwhuizen-maar-woningnood-blijft-enorm-in-utrecht,"More new-build homes, but housing shortage remains enormous in Utrecht","January 29, 2020, 10:46 AM•2 minutes reading time
Do you have a tip or comment? Send us your news or photo via WhatsApp or email."
rtvutrecht,2019-12-25T05:00:00Z,https://www.rtvutrecht.nl/nieuws/2005864/hoe-stikstof-en-pfas-ons-dit-jaar-in-zn-greep-hielden,How nitrogen and PFAS gripped us this year,"December 25, 2019, 6:00 AM•6 minutes reading time
Do you have a tip or comment? Send us your news or photo via WhatsApp or email."
rtvutrecht,2019-12-18T10:17:00Z,https://www.rtvutrecht.nl/nieuws/2003014/drukke-avondspits-vanwege-boeren-die-terugkeren-van-protestacties,Busy evening rush hour due to farmers returning from protests,"December 18, 2019, 11:17 AM•3 minutes reading time
Do you have a tip or comment? Send us your news or photo via WhatsApp or email."
rtvutrecht,2019-12-17T10:21:00Z,https://www.rtvutrecht.nl/nieuws/2001847/boeren-mogen-van-rechter-protesteren-maar-zien-toch-af-van-acties,"The judge has allowed farmers to protest, but they still refrain from taking action","December 17, 2019, 11:21 am • 2 minutes reading time
Do you have a tip or comment? Send us your news or photo via WhatsApp or email."
rtvutrecht,2019-12-03T18:44:00Z,https://www.rtvutrecht.nl/nieuws/1993711/tweede-kamer-wil-verbreding-a27-snel-uitvoeren,The House of Representatives wants to carry out the widening of the A27 quickly,"December 3, 2019, 7:44 PM•3 minutes reading time
Do you have a tip or comment? Send us your news or photo via WhatsApp or email."
rtvutrecht,2019-11-28T20:58:00Z,https://www.rtvutrecht.nl/nieuws/1993492/pfas-norm-verhoogd-groot-deel-bouwprojecten-kan-weer-verder,"PFAS standard increased, many construction projects can continue again","November 28, 2019, 9:58 PM•1 minute reading time
Do you have a tip or comment? Send us your news or photo via WhatsApp or email."
rtvutrecht,2019-11-20T20:07:00Z,https://www.rtvutrecht.nl/nieuws/1989549/verbreding-ring-utrecht-loopt-tot-drie-jaar-vertraging-op,Widening Utrecht Ring Road will be delayed by up to three years,"November 20, 2019, 9:07 PM•2 minutes reading time
Do you have a tip or comment? Send us your news or photo via WhatsApp or email."
rtvutrecht,2019-11-13T12:59:00Z,https://www.rtvutrecht.nl/nieuws/1985846/reacties-op-verbreding-snelwegen-utrecht-van-belachelijk-tot-van-groot-belang,Reactions to Utrecht highway widening: from 'ridiculous' to 'of great importance',"November 13, 2019, 1:59 PM•4 minutes reading time
Do you have a tip or comment? Send us your news or photo via WhatsApp or email."
rtvutrecht,2019-11-07T07:09:00Z,https://www.rtvutrecht.nl/nieuws/1985244/pfas-en-stikstofcrisis-sijpelt-door-bij-bouwbedrijf-bam-in-bunnik,PFAS and nitrogen crisis is percolating at construction company BAM in Bunnik,Do you have a tip or comment? Send us your news or photo via WhatsApp or email.
rtvutrecht,2019-11-06T18:23:00Z,https://www.rtvutrecht.nl/nieuws/1985216/bezoek-rutte-aan-merwedekanaalzone-in-teken-van-stikstofcrisis-en-boze-bewoners,Rutte visits Merwedekanaal zone in light of nitrogen crisis and angry residents,"November 6, 2019, 7:23 PM•3 minutes reading time
Do you have a tip or comment? Send us your news or photo via WhatsApp or email."
rtvutrecht,2019-11-06T07:00:00Z,https://www.rtvutrecht.nl/nieuws/1985189/premier-rutte-bezoekt-merwedekanaalzone-praat-ook-over-polder-rijnenburg,"Prime Minister Rutte visits Merwedekanaal zone: ""Also talk about the Rijnenburg polder""","November 6, 2019, 8:00 AM•4 minutes reading time
Do you have a tip or comment? Send us your news or photo via WhatsApp or email."
rtvutrecht,2019-10-30T09:58:00Z,https://www.rtvutrecht.nl/nieuws/1982090/boze-bunschotense-bouwer-kees-op-weg-naar-malieveld-het-is-hopeloos-er-moet-nu-wat-gebeuren,"Angry Bunschoten builder Kees on his way to Malieveld: ""It is hopeless, something has to be done now""","October 30, 2019, 10:58 am • 3 minutes reading time
Do you have a tip or comment? Send us your news or photo via WhatsApp or email."
rtvutrecht,2019-10-30T06:19:00Z,https://www.rtvutrecht.nl/nieuws/1982043/grootste-problemen-voorbij-in-utrecht-na-chaotische-ochtendspits,Major problems over in Utrecht after chaotic morning rush hour,"October 30, 2019, 7:19 AM•3 minutes reading time
Do you have a tip or comment? Send us your news or photo via WhatsApp or email."
rtvutrecht,2019-10-29T20:22:00Z,https://www.rtvutrecht.nl/nieuws/1982033/bouwbedrijven-staken-in-den-haag-tegen-milieuregels,Construction companies are striking in The Hague against environmental regulations,"October 29, 2019, 9:22 PM•2 minutes reading time
Do you have a tip or comment? Send us your news or photo via WhatsApp or email."
